Dimension,Polarity,Cluster ID,Label,Patient Utterance,Therapist Response,Explanation
Non-Judgmental Language,positive,0,2,Thank you.,How are you?,"The therapist's response, ""How are you?"" demonstrates non-judgmental language by inviting the patient to share more about their feelings without imposing any assumptions or evaluations. This open-ended question fosters a safe environment, encouraging the patient to express themselves freely. The therapist's choice of words reflects a genuine interest in the patient's well-being, aligning with the dimension's definition of creating a supportive atmosphere. By not responding with judgment or critique, the therapist reinforces the patient's comfort in sharing their experiences, thus exemplifying a strong alignment with non-judgmental language (+2)."
Non-Judgmental Language,positive,1,2,"Yes. Again, just at home doing homework, and I haven't gone to visit her in a while. And the thing is, she only lives like an hour away. So it's not a it's not right. No, it's not. So that's like a, you know, a trip I couldn't do on a Saturday. Take a break and go down there and spend some time with that will be I think that will be helpful.","So again, kind of kind of getting away from the school stressors. Just take taking a break from it for a day. Yes. And then also spend time with somebody that you enjoy spending time with. Good. Good. All right. So I want to go through each one of these. And just make sure that we're kind of meeting all the criteria for an objective, which I think we can do, but these are all specific, which is good. Do you feel these are all achievable? These are things you can do. I think so. Yeah. Yeah. Well, someone that knew done in the past, right, ","The therapist's response exemplifies non-judgmental language by affirming the patient's feelings and experiences without criticism. Phrases like ""Good. Good."" and ""I think we can do"" convey support and encouragement, fostering a safe environment for the patient to explore their thoughts. The therapist's inquiry about the achievability of the patient's plans further emphasizes a collaborative approach, validating the patient's autonomy and decision-making. This aligns with the dimension's definition, as it creates a supportive atmosphere where the patient feels comfortable discussing their challenges without fear of judgment. Overall, the therapist's language promotes a positive therapeutic alliance, reinforcing the patient's sense of agency and self-efficacy."
Non-Judgmental Language,positive,2,2,Okay. All right.,Okay. So I'm going to read a series of questions and ask you to do some different things. And this will just take a few minutes. Okay. All right. So what is today's date?,"The therapist's response demonstrates strong non-judgmental language by maintaining a neutral and directive tone while guiding the patient through the process. Phrases like ""I'm going to read a series of questions"" and ""this will just take a few minutes"" convey a sense of structure and support, allowing the patient to feel safe and understood. The use of ""Okay. All right."" at the beginning mirrors the patient's language, fostering rapport and validating their state. This approach aligns with the definition of non-judgmental language, as it creates a supportive environment where the patient can engage without fear of criticism, thus earning a positive rating of +2."
Non-Judgmental Language,positive,3,2,"I wasn't sure at all. Why. But with that, I definitely could see the reasons why.","All right, great move. I feel like we've made some progress here. And I'd like you to between now and next session, if you're comfortable with it, kind of reflect on what themes have maybe come to the surface, what informations may have been revealed to you a little bit. And we can pick up there and explore this further with the anger issue. So that's like a good plan.","The therapist's response exemplifies non-judgmental language by affirming the patient's progress with phrases like ""great move"" and ""we've made some progress here."" This supportive tone fosters a safe environment, encouraging the patient to reflect on their experiences without fear of criticism. The therapist invites the patient to explore emerging themes and insights, which aligns with the dimension's goal of promoting open dialogue. By framing the reflection as a ""good plan,"" the therapist reinforces a collaborative approach, further enhancing the non-judgmental atmosphere. Overall, the response effectively supports the patient's exploration of their feelings, fulfilling the criteria for strong alignment with non-judgmental language."
Non-Judgmental Language,positive,4,2,Nope.,Do you ever use drugs or alcohol?,"The therapist's response, ""Do you ever use drugs or alcohol?"" employs non-judgmental language by framing the inquiry as a neutral question rather than a critique or assumption about the patient's behavior. This approach fosters a safe environment, allowing the patient to feel comfortable discussing potentially sensitive topics without fear of judgment. The use of ""ever"" suggests an openness to the patient's experiences, reinforcing the idea that the therapist is seeking understanding rather than passing judgment. This aligns strongly with the dimension of non-judgmental language, as it encourages honest dialogue and supports the therapeutic alliance, thus warranting a positive rating of +2."
Non-Judgmental Language,positive,5,2,Okay.,Do you ever find yourself depressed or anxious?,"The therapist's response, ""Do you ever find yourself depressed or anxious?"" employs non-judgmental language by inquiring about the patient's emotional state without implying any negative evaluation or criticism. This approach fosters a safe environment, encouraging the patient to explore potentially sensitive feelings of depression or anxiety. The phrasing is neutral and open-ended, allowing the patient to share their experiences freely. By avoiding judgmental language, the therapist aligns strongly with the dimension of non-judgmental language, creating a supportive atmosphere that invites honest dialogue. This response exemplifies a positive therapeutic mechanism, reinforcing the patient's comfort in discussing their mental health."
Non-Judgmental Language,positive,6,2,Yeah.,Tell me about that.,"The therapist's response, ""Tell me about that,"" exemplifies non-judgmental language by inviting the patient to elaborate without imposing any assumptions or evaluations. This open-ended prompt encourages the patient to share their thoughts and feelings freely, fostering a safe environment for exploration. The absence of judgmental phrasing or directives allows the patient to feel supported and understood, aligning perfectly with the dimension's definition. By using inclusive and neutral language, the therapist effectively promotes a therapeutic atmosphere where the patient can express themselves without fear of criticism, thus demonstrating a strong alignment with non-judgmental language (+2)."
Non-Judgmental Language,positive,7,2,"Um,","And what thoughts are going through your mind right then like, so let's take that kind of severe moment. When you're, you're, let's just say still before the presentation, okay? So you're sitting at the desk and your heart rates elevated. And you're not focusing on what they're doing. You're zoned out your anxieties high. What was going through your mind right, then?","The therapist's response demonstrates a strong alignment with non-judgmental language by inviting the patient to explore their thoughts during a moment of anxiety without imposing any judgment or criticism. Phrases like ""let's take that kind of severe moment"" and ""what was going through your mind right then?"" create a safe space for the patient to share their experiences. This approach encourages openness and validates the patient's feelings, aligning with the dimension's definition of fostering a supportive environment. By focusing on the patient's internal experience rather than evaluating it, the therapist effectively promotes a non-judgmental atmosphere, warranting a positive rating of +2."
Non-Judgmental Language,negative,0,-2,Yeah.,Is that about right?,"The therapist's response, ""Is that about right?"" implies a need for validation or confirmation of the patient's feelings or thoughts. However, this phrasing can be perceived as subtly evaluative, suggesting that the therapist is seeking to assess the patient's response rather than simply accepting it. This approach may inadvertently create a sense of judgment, as it implies that the patient's expression requires verification. In the context of non-judgmental language, the therapist's choice of words does not foster a safe environment for the patient to share freely, thus violating the principle of non-judgmental communication. Therefore, the response reflects a negative alignment with the therapeutic dimension of non-judgmental language."
Non-Judgmental Language,negative,1,-2,"I don't know if I'll go right back. Like I think if I can get off at the detox actually work. So with that said, Do I think I could stay off it, I think like, my, I think my cravings will still always be there. But now that it's like, now that I've come to the realization that some of the stuff that I can lose if I get caught, I mean, if I can get off it for good, I don't, I don't like I feel back. It might be hard, like if I run into my buddy or something. ",That's that's the point of worry right?,"The therapist's response, ""That's that's the point of worry right?"" reflects a judgmental tone that undermines the non-judgmental language essential for a supportive therapeutic environment. By framing the patient's concerns as a ""point of worry,"" the therapist implies a negative connotation regarding the patient's feelings and experiences. This response may inadvertently convey criticism or a lack of understanding, which can inhibit the patient's willingness to share openly. The therapist's choice of words does not foster a safe space for exploration, violating the principle of non-judgmental language and potentially leading to feelings of shame or defensiveness in the patient."
Non-Judgmental Language,negative,2,-2,I was thinking about killing myself? I thought you would help me and you didn't. That's what I want to talk about. I want to talk about how it is that my life is not going better and you are not helping me and you're not available to me when I need help.,"Okay, so let's Okay, so it sounds like me not being a bit was me not being available with you rate related to cutting yourself","The therapist's response demonstrates a significant violation of non-judgmental language. By stating, ""me not being a bit was me not being available,"" the therapist appears to deflect responsibility and fails to acknowledge the patient's severe emotional distress regarding suicidal thoughts. This response lacks empathy and does not validate the patient's feelings of abandonment and desperation. The use of vague language (""not being a bit"") further diminishes the gravity of the patient's concerns, creating an environment that may feel dismissive rather than supportive. Consequently, the therapist's wording does not foster a safe space for the patient to explore their experiences, leading to a negative impact on the therapeutic alliance."
Non-Judgmental Language,negative,3,-2,"but and, but it's probably just, she's just trying to make me feel better she probably felt sorry for me because I'm obviously not very good at it. Like, I'm not very good for any things recently. I think she just felt sorry for me.","Okay, so I've just been noting down some of those thoughts that you've been having. You kind of So you feel like you're not very good, you're slow. You're confused with the orders and you feel like you're inconveniencing her and she feels sorry for you. And I suppose I'm wondering I mean what makes you think that she feels sorry for you?","The therapist's response demonstrates a negative alignment with non-judgmental language. By echoing the patient's self-deprecating thoughts—""you're not very good,"" ""you're slow,"" ""you feel like you're inconveniencing her""—the therapist inadvertently reinforces the patient's negative self-perception. This approach lacks the supportive and validating tone necessary for fostering a safe environment. Additionally, the therapist's inquiry about the patient's belief that the other person feels sorry for them does not address the underlying emotional distress but rather invites further self-criticism. Overall, the response fails to create a non-judgmental space, which is essential for encouraging open dialogue and emotional exploration."
Non-Judgmental Language,negative,4,-2,Yeah,"So this is upsetting for a lot of reasons. So you have The financial stressors, right? I can't be minimized. The relational stressors mentioned, it's kind of embarrassing. Yeah, that's more like an identity thing I see identify with what you did right now. You don't as much, because you're not actively working in it. Yeah. Did you ever have any co workers who voluntarily left for other jobs?","The therapist's response demonstrates a significant violation of non-judgmental language. By stating, ""it's kind of embarrassing,"" the therapist introduces a judgmental tone that could lead the patient to feel criticized or shamed about their experiences. Additionally, phrases like ""I see identify with what you did right now"" imply a comparison that may invalidate the patient's feelings. This language undermines the creation of a safe and supportive environment, which is essential for clients to share openly. Overall, the therapist's choice of words fosters a sense of judgment rather than acceptance, leading to a negative impact on the therapeutic alliance."
Non-Judgmental Language,negative,5,-2,I mean it was just the like a social gathering it wasn't like I was looking for it the drinks were there and I have all my friends were doing it and it was just it's it's not something that I like do okay on occasion but whenever the opportunity presents itself it it's nice to just let loose and have a little bit of fun sometimes.,"I Tommy there's so many consequences with drinking you know you're not even 21 yet you could get arrested. You could you know have a drunk driving accident you could you know, mess up your schoolwork you have such a bright future ahead of you. It just really really concerns me.","The therapist's response demonstrates a strong violation of non-judgmental language. By emphasizing the potential negative consequences of drinking, such as arrest and academic failure, the therapist conveys a critical stance that may induce shame or defensiveness in the patient. Phrases like ""it just really really concerns me"" reflect a judgmental attitude rather than a supportive one. This approach undermines the creation of a safe environment for the patient to explore their experiences. The therapist's focus on consequences rather than understanding the patient's perspective fails to align with the dimension's definition, which emphasizes the importance of fostering an open and non-critical dialogue."
Non-Judgmental Language,negative,6,-2,Mm hmm.,"And this has been happening for a while, as you described, right?","The therapist's response, ""And this has been happening for a while, as you described, right?"" lacks non-judgmental language as it implies an assumption about the patient's experience without validating their feelings or perspective. By framing the situation in a way that suggests a timeline and a shared understanding, the therapist risks imposing their interpretation rather than allowing the patient to express their own narrative. This approach can create a sense of pressure or judgment, which contradicts the essential therapeutic goal of fostering a safe environment for open dialogue. Thus, the response demonstrates a strong violation of the non-judgmental language dimension."
Non-Judgmental Language,negative,7,-2,"No, no.",Just no treatment?,"The therapist's response, ""Just no treatment?"" reflects a judgmental tone that undermines the non-judgmental language essential for a supportive therapeutic environment. By framing the patient's rejection of treatment in a dismissive manner, the therapist implies a lack of understanding or acceptance of the patient's feelings. This response may evoke defensiveness or shame in the patient, inhibiting open communication. The use of ""just"" minimizes the patient's experience, suggesting that their feelings are trivial or unworthy of consideration. Consequently, this response violates the principle of non-judgmental language, creating a barrier to trust and safety in the therapeutic relationship."
Warmth and Encouragement,positive,0,2,I will definitely try.,"So really our plan move forward as a couple parts. So one would be smooth things over and sensitive, discussing this with her, letting her know you're aware what's going on and you want to try to resolve it and the second part would be Trying to move a little bit away from the rigid, you know, I deserve respect to, I would like respect but I'll function adequately without respect from everyone. I know that's tough. That's gonna be that's gonna be the challenge, right? But this will be this will give us good information and give you some practice. Does it all make sense to you?","The therapist's response demonstrates warmth and encouragement by acknowledging the patient's intention to try and framing the plan in a supportive manner. Phrases like ""smooth things over"" and ""sensitive, discussing this"" convey a gentle approach, fostering a safe space for the patient to explore their feelings. The therapist also normalizes the challenge of shifting perspectives, stating, ""I know that's tough,"" which validates the patient's experience. This supportive language encourages the patient to engage with the therapeutic process. Overall, the response aligns strongly with the dimension of warmth and encouragement, as it creates an environment conducive to exploration and growth, warranting a positive rating of +2."
Warmth and Encouragement,positive,1,2,Yeah.,"So, I think that planning something for that time would be helpful. And try to plan something 15 minutes, even if you fully intend to beyond the 15 to go right and use, I think it's still useful plan something in there. You never know that might take you. Or you might end up walking or watching TV or doing something else that would distract you or pull you away from the marijuana use. Okay. So that's like a plan.","The therapist's response demonstrates warmth and encouragement by suggesting a proactive approach to the patient's situation. Phrases like ""I think that planning something for that time would be helpful"" convey a supportive stance, indicating belief in the patient's ability to make positive changes. The therapist's encouragement to ""plan something"" and the acknowledgment of potential distractions show an understanding of the patient's challenges while promoting agency. This aligns with the definition of creating a safe space for exploration, as it invites the patient to consider alternatives to marijuana use without judgment. Overall, the response fosters a positive therapeutic environment, warranting a positive (+2) rating for warmth and encouragement."
Warmth and Encouragement,positive,2,2,"It's okay. Okay, I really have to adjust. Like I say, if I had my druthers, I'd go back but I guess I have to learn to adjust to this right. Okay.",So I think I sort of have all the information I need to make sure that your wishes are respected. Just one last time. Anything else you want to talk about today?,"The therapist's response lacks warmth and encouragement, which are essential for creating a safe space for the patient. By stating, ""I think I sort of have all the information I need,"" the therapist appears dismissive of the patient's emotional struggle with adjustment, failing to validate their feelings. The phrase ""just one last time"" can come across as abrupt, suggesting a lack of openness to further exploration of the patient's concerns. This response does not foster a supportive environment for the patient to express their challenges, thus violating the therapeutic dimension of warmth and encouragement. Overall, the response reflects a neutral stance rather than the positive engagement needed to facilitate emotional exploration."
Warmth and Encouragement,positive,3,2,Yeah.,Tell me about that.,"The therapist's response, ""Tell me about that,"" demonstrates warmth and encouragement by inviting the patient to elaborate on their feelings or thoughts. This open-ended question fosters a safe space for exploration, aligning with the dimension's definition. The therapist's choice of words indicates genuine interest in the patient's experience, promoting a supportive environment. By encouraging the patient to share more, the therapist validates their expression and reinforces the therapeutic alliance. This response exemplifies a strong alignment with the therapeutic dimension of warmth and encouragement, as it actively engages the patient in a meaningful dialogue about their feelings."
Warmth and Encouragement,positive,4,2,Okay.,"Okay, thanks for","The therapist's response, ""Okay, thanks for,"" lacks warmth and encouragement, as it does not acknowledge or validate the patient's presence or feelings. The phrase is incomplete and does not invite further exploration or expression from the patient. This response fails to create a safe space for the patient to delve into their thoughts or emotions, which is essential for fostering a supportive therapeutic environment. The absence of affirming language or an invitation for the patient to share more leads to a disconnect, undermining the therapeutic relationship. Therefore, this response does not align with the dimension of warmth and encouragement, resulting in a negative evaluation."
Warmth and Encouragement,positive,5,2,"Yeah, I was pretty nervous then. But when I got into it, they went away and like, it just talked to me for a bit. And so obviously, I realized that I wasn't doing a very good job.","Okay, and when you When you have these emotions, how does it affect your energy levels? Do you feel more energetic, less energetic or about the same?","The therapist's response demonstrates a lack of warmth and encouragement, as it shifts focus away from the patient's emotional experience to a more analytical question about energy levels. By asking, ""how does it affect your energy levels?"" the therapist misses an opportunity to validate the patient's feelings of nervousness and realization of self-critique. This response does not create a safe space for exploration, as it feels more like an interrogation than an empathetic engagement. The absence of affirming language or acknowledgment of the patient's emotional state indicates a strong violation of the warmth and encouragement dimension, resulting in a negative alignment (-2)."
Warmth and Encouragement,positive,6,2,Sure. Okay.,"Okay. And if it gets Difficult, which again, that's pretty normal for that to take place. If it gets hard, we can talk about it next time and we can problem solve together and figure out how to remove those barriers. Does that sound good?","The therapist's response exemplifies warmth and encouragement by acknowledging the potential difficulties the patient may face, which normalizes their experience. Phrases like ""that's pretty normal"" and ""we can talk about it next time"" convey a supportive stance, fostering a safe environment for the patient to explore their feelings. The invitation to ""problem solve together"" emphasizes collaboration and reinforces the therapist's role as a supportive ally. This approach aligns with the dimension's definition, as it creates a space where the patient feels understood and empowered to address challenges. Overall, the therapist's response strongly aligns with the therapeutic dimension of warmth and encouragement, warranting a positive rating of +2."
Warmth and Encouragement,positive,7,2,"I guess that's true. Like, yeah, maybe somebody else could come and replace me but do I think that they would be better at it? I don't know. I feel like I was pretty good at it before I started. have all these doubt.","So, so mostly This was good until recently. Well, alright, let's look at this from another point of view. You really seem like, you can empathize with these families. You really, to me, it seems like you really know what they're feeling.","The therapist's response demonstrates warmth and encouragement by acknowledging the patient's feelings and reinforcing their ability to empathize with families. Phrases like ""you really seem like"" and ""you really know what they're feeling"" validate the patient's emotional insight, fostering a sense of safety and support. This affirmation encourages the patient to explore their doubts while feeling understood. By shifting the perspective to highlight the patient's strengths, the therapist creates an environment conducive to self-exploration, aligning strongly with the dimension of warmth and encouragement. Overall, the response effectively nurtures the therapeutic alliance and promotes the patient's confidence, warranting a positive evaluation of +2."
Warmth and Encouragement,negative,0,-2,"I mean, no, not really, but it is. It is what it is.",I'm always up to swear,"The therapist's response, ""I'm always up to swear,"" lacks warmth and encouragement, which are essential for creating a safe therapeutic space. Instead of acknowledging the patient's ambivalence or exploring their feelings, the therapist introduces a casual and potentially dismissive tone. This response does not validate the patient's experience or invite further exploration of their emotions, which is crucial for fostering a supportive environment. By focusing on swearing rather than the patient's statement, the therapist fails to provide the necessary encouragement and warmth, resulting in a strong violation of the therapeutic dimension."
Warmth and Encouragement,negative,1,-2,"Yeah, I don't want I figure if I leave and people won't, will just make me think I was sick or whatever. And it'll be a better situation, if I just left then happened to see me up there, you know, sweating and all these other symptoms that I have when I actually get up there, it would be better just to leave before that starts.","Okay. So, so better to be thought ill and had to leave because you're saying. ","The therapist's response lacks warmth and encouragement, failing to create a safe space for the patient to explore their feelings. By paraphrasing the patient's concern about being perceived as ill, the therapist reduces the emotional weight of the patient's experience and does not validate their feelings of anxiety and fear. The phrase ""better to be thought ill"" may come off as dismissive, indicating a lack of empathy. This response does not foster an environment conducive to exploration and understanding, which is essential for warmth and encouragement. Consequently, the therapist's response strongly violates the dimension of warmth and encouragement, resulting in a negative polarity rating."
Warmth and Encouragement,negative,2,-2,"No. I mean, I've talked to people before about being depressed. But I was never hospitalized for it.",But you believe you were depressed?,"The therapist's response lacks warmth and encouragement, as it does not acknowledge the patient's feelings or validate their experience of depression. By simply asking, ""But you believe you were depressed?"" the therapist misses an opportunity to create a safe space for exploration. This response feels dismissive and does not provide the supportive environment necessary for the patient to delve deeper into their emotions. The absence of empathetic language or affirming statements contributes to a negative polarity in warmth and encouragement, as it fails to foster a connection or reassure the patient about their feelings. Thus, the response significantly violates the therapeutic dimension of warmth and encouragement."
Warmth and Encouragement,negative,3,-2,I don't see it as a problem.,Yeah?,"The therapist's response, ""Yeah?"", lacks warmth and encouragement, failing to create a safe space for the patient to explore their feelings. This minimalistic acknowledgment does not validate the patient's perspective or invite further discussion, which is essential for fostering an open therapeutic environment. The absence of empathetic engagement or supportive language indicates a disconnect from the patient's expressed content, which could lead to feelings of dismissal or isolation. Consequently, this response strongly violates the dimension of warmth and encouragement, as it does not facilitate exploration or emotional safety, resulting in a negative impact on the therapeutic relationship."
Warmth and Encouragement,negative,4,-2,"Some days are definitely better than others. She like, I guess you could say I kind of tried to check her behavior when she was getting a little bit",And Has it ever come to physical blows between the two of you?,"The therapist's response lacks warmth and encouragement, as it shifts the focus to a potentially confrontational topic—physical violence—rather than validating the patient's feelings about fluctuating experiences. By asking about ""physical blows,"" the therapist introduces a harsh and alarming element that may increase the patient's anxiety rather than fostering a safe space for exploration. This response does not acknowledge the patient's emotional state or provide support, which is essential for creating a therapeutic environment conducive to open dialogue. Consequently, the therapist's approach strongly violates the dimension of warmth and encouragement, resulting in a negative polarity rating."
Warmth and Encouragement,negative,5,-2,"I mean, I like to drink.",You think It's okay?,"The therapist's response, ""You think it's okay?"" lacks warmth and encouragement, as it does not validate or support the patient's expression of enjoyment in drinking. Instead of fostering a safe space for exploration, the therapist's questioning tone may imply judgment or skepticism, which can inhibit the patient's willingness to share more about their feelings. This response fails to acknowledge the patient's perspective and does not encourage further dialogue, thus violating the therapeutic dimension of warmth and encouragement. The lack of supportive language and the potential for misunderstanding contribute to a negative polarity in the therapeutic interaction."
Warmth and Encouragement,negative,6,-2,"Um, maybe I can start out with twice a week, twice quickly.",Okay. Do you have two particular days in line days for your responsibilities aren't too great. You have that opportunity?,"The therapist's response lacks warmth and encouragement, failing to create a safe space for the patient. By focusing on logistical details—asking about specific days and responsibilities—the therapist misses an opportunity to validate the patient's willingness to engage in therapy. The phrasing ""Do you have two particular days"" feels mechanical and does not acknowledge the patient's initiative or emotional state. This response does not foster a supportive environment, which is essential for exploring feelings and challenges. Consequently, the therapist's approach is a strong violation of the warmth and encouragement dimension, resulting in a negative polarity rating."
Warmth and Encouragement,negative,7,-2,no,So no one's hurt you sexually or Physical with anyone in your house? Has anyone been drinking or ever been worried about people drinking too much or getting drunk or? No? What about other drugs?,"The therapist's response lacks warmth and encouragement, as it immediately shifts to probing questions without acknowledging the patient's simple ""no."" This approach can create a sense of pressure rather than a safe space for exploration. The therapist's focus on potentially distressing topics, such as substance abuse, without validating the patient's feelings or providing reassurance, further diminishes the emotional safety necessary for effective therapy. The absence of empathetic engagement or supportive language indicates a strong violation of the warmth and encouragement dimension, resulting in a negative impact on the therapeutic relationship."
Respect for Autonomy,positive,0,2,"I mean, I guess I don't really recognize too many issues right then necessarily.","Were you talking to anybody or you know, anybody? reasonable. Did anybody else know what was going on? Or?","The therapist's response demonstrates a lack of respect for the patient's autonomy by not directly engaging with the patient's expressed uncertainty about their issues. Instead of validating the patient's perspective or encouraging self-exploration, the therapist's questions seem to divert attention to external validation (""Were you talking to anybody"") rather than empowering the patient to reflect on their own thoughts and feelings. This approach undermines the patient's ability to make their own decisions regarding their mental health, as it implies that external opinions are necessary for understanding their situation. Consequently, the response reflects a strong violation of the respect for autonomy dimension."
Respect for Autonomy,positive,1,2,"It's okay. Okay, I really have to adjust. Like I say, if I had my druthers, I'd go back but I guess I have to learn to adjust to this right. Okay.",So I think I sort of have all the information I need to make sure that your wishes are respected. Just one last time. Anything else you want to talk about today?,"The therapist's response demonstrates a strong respect for the patient's autonomy by affirming their ability to make decisions about their mental health. By stating, ""I think I sort of have all the information I need to make sure that your wishes are respected,"" the therapist acknowledges the patient's expressed need to adjust and emphasizes the importance of honoring their preferences. The phrase ""your wishes are respected"" directly aligns with the dimension's definition, reinforcing the patient's agency in the therapeutic process. Additionally, the therapist's inquiry, ""Anything else you want to talk about today?"" invites further input from the patient, further empowering them to guide the session. This response exemplifies a positive alignment with the respect for autonomy dimension."
Respect for Autonomy,positive,2,2,"I think I am enjoying life. Okay. Yes, I am enjoying life to the to the best I can. ","Okay, great. Yeah. And then other related questions, we did talk about the two that we wouldn't put it in. But again, we want to make sure we know everything that you might want or not want. Okay? So if we had to give you medications to get your breathing better, is that something you'd be willing to have?","The therapist's response demonstrates a strong respect for the patient's autonomy by acknowledging their positive feelings about life and inviting them to consider their preferences regarding medication. Phrases like ""is that something you'd be willing to have?"" empower the patient to make their own decisions, reinforcing their agency in the therapeutic process. This approach aligns with the definition of respect for autonomy, as it emphasizes the patient's ability to choose what they want regarding their mental health. By ensuring the patient feels heard and involved in decision-making, the therapist fosters a collaborative environment that honors the patient's autonomy, warranting a positive evaluation of +2."
Respect for Autonomy,positive,3,2,"I wasn't sure at all. Why. But with that, I definitely could see the reasons why.","All right, great move. I feel like we've made some progress here. And I'd like you to between now and next session, if you're comfortable with it, kind of reflect on what themes have maybe come to the surface, what informations may have been revealed to you a little bit. And we can pick up there and explore this further with the anger issue. So that's like a good plan.","The therapist's response demonstrates a strong respect for the patient's autonomy by encouraging self-reflection and personal exploration. Phrases like ""if you're comfortable with it"" and ""reflect on what themes have maybe come to the surface"" empower the patient to take ownership of their thoughts and feelings. This approach acknowledges the patient's capacity to make decisions about their mental health journey. By inviting the patient to explore their insights further, the therapist fosters an environment where the patient feels valued and capable of directing their own therapeutic process. Overall, the therapist's language and encouragement align well with the principle of respecting the patient's autonomy, warranting a positive evaluation."
Respect for Autonomy,positive,4,2,"Um, I guess so. I mean, I've kind of tried to make a plan to just say on the weekends to drink some. And that hasn't really kept up because I like to go to the happy hours and stuff.","So, so you've tried to cut down before?","The therapist's response demonstrates a strong respect for the patient's autonomy by acknowledging their previous attempts to manage their drinking. By asking, ""So, so you've tried to cut down before?"" the therapist validates the patient's experience and encourages self-reflection on their decision-making process. This approach empowers the patient to explore their choices without imposing judgment or direction. The therapist's use of open-ended questioning fosters a collaborative dialogue, aligning with the definition of respecting autonomy, which emphasizes the client's ability to make their own decisions regarding their mental health. Overall, the response effectively supports the patient's agency in their therapeutic journey."
Respect for Autonomy,positive,5,2,Yeah.,Right.,"The therapist's response of ""Right"" demonstrates a positive respect for the patient's autonomy by affirming their expression without imposing additional interpretation or direction. This acknowledgment allows the patient to feel validated in their perspective, reinforcing their ability to make decisions regarding their mental health. The therapist's choice of a simple, non-intrusive affirmation respects the patient's agency and encourages further exploration of their thoughts or feelings. By not challenging or redirecting the conversation, the therapist effectively supports the patient's autonomy, aligning strongly with the dimension's definition of recognizing the client's decision-making capacity. Thus, this response reflects a strong alignment with respect for autonomy (+2)."
Respect for Autonomy,positive,6,2,if I can learn that a pen goes whoo in two seconds.,"Okay. So here's what I'd like to ask. We're about to get up and go do this thing. We agree. And it sounds like your mind is engaged. We did it to find Mr. anxiety, right? So it's like we're here And we're right on this pivot point where we're going to do something different. And here's the thing I'd like to ask you. It's different, but With regard to that, would you be willing to do this and as you go, you can tell me what's coming coming up. I want you to actually watch your mind go as it constructs those scary futures and just notice it. Like, sort of like the way you carry something that's fragile. wants you to just to set a notice. Like it's not your enemy, and it's not your boss. It's your mind doing its thing. Would you be willing to sort of do it that spirit? Let's see what's there. This is kind of watch it go. ","The therapist's response demonstrates a strong respect for the patient's autonomy by inviting them to engage actively in the therapeutic process. Phrases like ""would you be willing to do this"" and ""you can tell me what's coming up"" empower the patient to make choices about their experience. The therapist encourages the patient to observe their thoughts without judgment, framing their anxiety as something to notice rather than control. This approach fosters a sense of agency, aligning with the definition of respecting autonomy by recognizing the patient's ability to make decisions regarding their mental health. Overall, the therapist's language and invitation to self-observe strongly support the patient's autonomy in the therapeutic context."
Respect for Autonomy,positive,7,2,"Yeah, I was pretty nervous then. But when I got into it, they went away and like, it just talked to me for a bit. And so obviously, I realized that I wasn't doing a very good job.","Okay, and when you When you have these emotions, how does it affect your energy levels? Do you feel more energetic, less energetic or about the same?","The therapist's response demonstrates a strong respect for the patient's autonomy by inviting them to explore their emotions and their impact on energy levels. By asking, ""how does it affect your energy levels?"" the therapist encourages the patient to reflect on their own experiences and feelings, promoting self-awareness and personal insight. This approach acknowledges the patient's capacity to understand their emotional state and make decisions about their mental health. The therapist's choice to focus on the patient's subjective experience rather than directing the conversation aligns with the definition of respecting autonomy, as it empowers the patient to take an active role in their therapeutic process. Thus, the response is positively aligned with the dimension of respect for autonomy."
Respect for Autonomy,negative,0,-2,"Sam will usually go and hide in this room, maybe turn this music up. You know, Lee's sometimes napping in the crib in the playpen, I guess to be totally honest, I do lose my patience and scream more than I'd like to but","so it sounds like there's kind of a lot of tension and, and, and arguing in that relationship. How often would you say that that's happening that it comes to that kind of arguing and yelling place?","The therapist's response demonstrates a lack of respect for the patient's autonomy by not acknowledging the patient's feelings of frustration and loss of patience. Instead of validating the patient's experience, the therapist redirects the conversation towards the frequency of arguing, which may imply a focus on behavior rather than the patient's emotional state. This approach diminishes the patient's ability to express their own feelings and decisions regarding their situation. By failing to engage with the patient's self-reported struggles, the therapist undermines the patient's autonomy in exploring their own emotional landscape, resulting in a negative alignment with the dimension of respect for autonomy."
Respect for Autonomy,negative,1,-2,Yeah,Take this paper in your left hand. Fold the paper once with both hands and put the paper down on your lap. Okay. You pick up the notebook besides you. Can you write any complete sentence on a piece of paper for me?,"The therapist's response demonstrates a significant lack of respect for the patient's autonomy. By issuing a series of commands without engaging with the patient's emotional or cognitive state, the therapist disregards the patient's ability to make decisions about their own process. Phrases like ""Take this paper in your left hand"" and ""Can you write any complete sentence on a piece of paper for me?"" imply a directive approach that undermines the patient's agency. This response fails to acknowledge the patient's input or feelings, which is essential for fostering autonomy. Consequently, the therapist's approach is a strong violation of the respect for autonomy dimension, warranting a negative rating."
Respect for Autonomy,negative,2,-2,"Yeah, it doesn't seem real. So I guess, thinking about thinking about that kind of makes sense ahead of time.","Yeah. Well, let me see if I if I got it all and then we can make some decisions about where to move from here or how to take the next step with that. I want to make sure I understand a little bit about your situation. ","The therapist's response demonstrates a lack of respect for the patient's autonomy by prioritizing their own need to understand the situation over the patient's expressed feelings. Phrases like ""let me see if I got it all"" and ""we can make some decisions"" imply a directive approach, suggesting that the therapist is taking control of the decision-making process rather than empowering the patient to express their own thoughts and choices. This undermines the patient's ability to navigate their own mental health journey, which is central to respecting autonomy. Consequently, the response reflects a strong violation of the dimension, warranting a negative rating."
Respect for Autonomy,negative,3,-2,"No,",not now. We're back then.,"The therapist's response, ""not now. We're back then,"" demonstrates a lack of respect for the patient's autonomy. By dismissing the patient's ""No"" and redirecting the conversation without exploring the patient's feelings or reasons for their refusal, the therapist undermines the patient's ability to make their own decisions regarding their mental health. This response fails to acknowledge the patient's expressed boundary and instead imposes the therapist's agenda, which is a clear violation of the principle of autonomy. The therapist's choice of words indicates a disregard for the patient's current emotional state, reinforcing a negative impact on the therapeutic relationship."
Respect for Autonomy,negative,4,-2,....,Thank you. Are you right handed or left handed.,"The therapist's response demonstrates a significant lack of respect for the client's autonomy. By redirecting the conversation to a trivial question about handedness, the therapist fails to engage with the client's emotional or cognitive content, which likely requires validation and exploration. This shift not only dismisses the client's ability to express their thoughts and feelings but also undermines their agency in the therapeutic process. The therapist's choice of words indicates a lack of interest in the client's perspective, leading to a strong violation of the principle of respecting autonomy. Overall, this response does not support the client's decision-making capacity and instead imposes an irrelevant inquiry, warranting a negative evaluation."
Respect for Autonomy,negative,5,-2,"I would panic. I mean not panic, like break down or something, but I mean it would be very, very stressful if I absolutely had to get that item. Um, I would probably try to scrape change out of my car, but I know we're not going there now. Yeah, no stay there. But um, I would be very, very difficult.",Could you do it?,"The therapist's response, ""Could you do it?"" demonstrates a lack of respect for the patient's autonomy. By posing a question that implies a directive or expectation, the therapist undermines the patient's expressed feelings of stress and difficulty regarding the situation. The patient articulates a complex emotional response, indicating a struggle with the idea of needing to obtain an item under pressure. Instead of validating the patient's experience and allowing them to explore their feelings and decisions, the therapist's inquiry shifts the focus to a prescriptive action. This approach fails to honor the patient's ability to make their own choices, resulting in a strong violation of the respect for autonomy dimension."
Respect for Autonomy,negative,6,-2,just a couple days ago.,To see what I'm getting that ?,"The therapist's response, ""To see what I'm getting that?"" demonstrates a lack of respect for the patient's autonomy. By not acknowledging the patient's statement and instead redirecting the focus to the therapist's understanding, the therapist undermines the patient's ability to express their thoughts and feelings. This response fails to validate the patient's experience and does not encourage them to share their perspective. The phrasing suggests a need for the therapist to clarify their own understanding rather than empowering the patient to articulate their own narrative. Consequently, this response reflects a strong violation of the respect for autonomy dimension, as it does not support the patient's decision-making or self-expression."
Respect for Autonomy,negative,7,-2,"Yeah, I mean, alcohol is just so prevalent in our society and it's just around me wherever I go and parties and stuff that I, I kind of feel like I should just get used to it or at least understand its its effects before I should let it get out of my life entirely. I don't I don't really see it as something that will completely destroy my life.","Think you're wrong. You know, it really worries me. Anyway, I wish you would quit. If all you're gonna do is cut down that's better than nothing. You know, I appreciate you talking to me about this, but I'm gonna keep talking to you about it. It's really important. Yeah,","The therapist's response demonstrates a significant lack of respect for the patient's autonomy. By stating, ""Think you're wrong,"" the therapist dismisses the patient's perspective and undermines their ability to make informed decisions about alcohol use. The insistence that the patient should quit and the phrase ""I'm gonna keep talking to you about it"" indicate a directive approach that prioritizes the therapist's concerns over the patient's expressed thoughts and feelings. This response fails to acknowledge the patient's reasoning about understanding alcohol's effects, thus violating the principle of respecting the client's autonomy in decision-making regarding their mental health."
Active Listening,positive,0,2,"Yeah,","well, ","The therapist's response, ""well,"" demonstrates a lack of active listening as it does not engage with or reflect the patient's utterance meaningfully. The patient’s ""Yeah,"" suggests a potential emotional or cognitive state that could benefit from exploration or validation. However, the therapist's response is vague and does not indicate an understanding or acknowledgment of the patient's feelings or thoughts. Active listening requires the therapist to fully concentrate on the client's words and demonstrate understanding, which is not achieved here. Therefore, this response reflects a strong violation of the active listening dimension, resulting in a negative polarity rating."
Active Listening,positive,1,2,"Yeah, I was pretty nervous then. But when I got into it, they went away and like, it just talked to me for a bit. And so obviously, I realized that I wasn't doing a very good job.","Okay, and when you When you have these emotions, how does it affect your energy levels? Do you feel more energetic, less energetic or about the same?","The therapist's response demonstrates strong active listening by acknowledging the patient's emotional experience and prompting further exploration of its impact on their energy levels. By asking, ""how does it affect your energy levels?"" the therapist shows an understanding of the patient's feelings and encourages deeper reflection. This aligns with the definition of active listening, as the therapist is fully concentrating on the patient's words and facilitating a dialogue that promotes insight. The use of ""when you have these emotions"" indicates an engagement with the patient's narrative, reinforcing the therapeutic connection and validating the patient's experience. Overall, the response exemplifies a positive alignment with active listening principles."
Active Listening,positive,2,2,"Yeah. Yeah, I haven't my parents live pretty far away and, and I guess he's kind of a boyfriend kind ofI guess the words jealous. He just really cares about us. And so I haven't had a chance to really talk to people about what some ideas would be that will. What could I do, I used to work and I was kind of looking forward to working again. He's he's sort of made it clear that I don't need to work because he's going to take care of us he brings home diapers and gives us some money when he's around and so we really don't need it most the time.","So you had been kind of thinking about maybe going back to work and doing doing some of that on your on your own and, and yet He, he doesn't really he's expressing that he liked to be able to take care of you. And, and when he's there, he does take care of you. ","The therapist's response demonstrates strong active listening by accurately reflecting the patient's thoughts and feelings about their relationship and work situation. By paraphrasing the patient's concerns about wanting to return to work while acknowledging the boyfriend's desire to provide support, the therapist shows understanding and validation. Phrases like ""you had been kind of thinking about maybe going back to work"" and ""he's expressing that he liked to be able to take care of you"" indicate that the therapist is fully engaged with the patient's narrative. This alignment with the definition of active listening—fully concentrating on the client's words and demonstrating understanding—justifies a positive rating of +2 for the therapist's response."
Active Listening,positive,3,2,Yeah.,"So the anxiety you're experiencing right now in this moment with me, I want you to be mindful that, guys keep that in your awareness and let me know if that changes. just interrupt me if you need to. It's not.","The therapist's response demonstrates strong active listening by acknowledging the patient's anxiety and inviting them to remain aware of their feelings during the session. Phrases like ""I want you to be mindful"" and ""let me know if that changes"" indicate that the therapist is fully concentrating on the patient's emotional state and encourages open communication. This approach fosters a supportive environment where the patient feels heard and understood. By explicitly inviting the patient to interrupt if needed, the therapist reinforces the importance of the patient's experience, aligning closely with the definition of active listening, which emphasizes understanding and engagement with the client's words."
Active Listening,positive,4,2,"I mean, I guess like, dieting isn't what you would consider it as I try to eat more healthy typically. And yeah, I mean, I've been like dealing with different assignments and stress around that. So Yeah, it's kind of fluctuated time. Okay. Okay.","I'm meant to tell you to I like to take a lot of notes at least initially so I have a good sense of what's going on. So what else was going on? Okay, so it sounds like Saturday night out with friends. See person that you like that you've just say you dated some?","The therapist's response demonstrates strong active listening by acknowledging the patient's concerns about dieting and stress, while also inviting further exploration of their experiences. The phrase ""what else was going on?"" indicates an openness to understanding the patient's situation more deeply. Additionally, the therapist's reference to taking notes suggests a commitment to fully grasping the patient's narrative, which aligns with the definition of active listening. By summarizing the patient's mention of social interactions, the therapist shows attentiveness to the emotional context. Overall, the therapist effectively engages with the patient's content, fostering a supportive environment for deeper discussion, thus reflecting a positive alignment with active listening principles."
Active Listening,positive,5,2," So since then, I've been hanging out more with them getting to know them. But I could also see that on just living life, I guess. But that's also not fair to them that I'm not there for them as much as I was before, as they are there for me. Yeah. ","Well, given that you've sort of noticed all these changes where it's affecting your friendships, it's affecting your studying and it's affecting your relationship with your mom. Where do you think you should kind of go from here? ","The therapist's response demonstrates strong active listening by acknowledging the patient's concerns about changes in their friendships, studying, and family relationships. By summarizing the patient's experiences with phrases like ""noted all these changes,"" the therapist shows understanding and validates the patient's feelings. This reflects full concentration on the client's words, as the therapist effectively captures the essence of the patient's emotional state. Furthermore, by asking, ""Where do you think you should kind of go from here?"" the therapist encourages the patient to reflect on their situation, promoting engagement and deeper exploration. This alignment with the definition of active listening warrants a positive rating of +2, as it fosters a supportive therapeutic environment."
Active Listening,positive,6,2,"Right now just alcohol and all legal stuff . I was impatient. A couple times for cocaine, but I've stopped. That's not really something I want to do anymore. So",when was the last time you're impatient?,"The therapist's response, ""when was the last time you're impatient?"" demonstrates a lack of active listening as it does not directly acknowledge or reflect the patient's expressed feelings about their substance use and impatience. Instead of validating the patient's experience or exploring their emotions related to alcohol and cocaine use, the therapist shifts focus to a specific behavior (impatience) without connecting it to the patient's broader context. This response fails to show understanding or concentration on the patient's words, which is essential for active listening. Therefore, it represents a strong violation of the active listening dimension, resulting in a negative polarity (-2)."
Active Listening,positive,7,2,They've been alright.,Last time we were talking. It sounds like you're still having some difficulty with the quizzes. Mm hmm. Is that still the case?,"The therapist's response exemplifies active listening by reflecting on the patient's previous concerns and demonstrating an understanding of their ongoing struggles. By stating, ""It sounds like you're still having some difficulty with the quizzes,"" the therapist acknowledges the patient's experience and invites further exploration. The use of ""Mm hmm"" indicates attentiveness and encourages the patient to continue sharing. This response aligns strongly with the definition of active listening, as it shows full concentration on the client's words and a clear effort to validate their feelings. Overall, the therapist effectively engages with the patient, fostering a supportive environment for deeper discussion."
Active Listening,negative,0,-2,"No, no.",Just no treatment?,"The therapist's response, ""Just no treatment?"" demonstrates a lack of active listening, as it fails to acknowledge or explore the patient's emotional state or reasoning behind their repeated ""no."" Instead of reflecting on the patient's feelings or seeking clarification, the therapist reduces the interaction to a simplistic question about treatment options. This response does not convey understanding or empathy, which are essential components of active listening. By not engaging with the patient's expression, the therapist misses an opportunity to validate the patient's feelings, leading to a significant violation of the active listening dimension."
Active Listening,negative,1,-2,"yeah, like if I have off work for a couple of days, I don't feel anxious at all. It's really just when I'm going to work when I know that I'm going to have to be talking to a lot of people or making presentations, things like that.",So you suffer the anxiety advance of these plan meetings? How about the unplanned meetings? What's your experience of those?,"The therapist's response demonstrates a lack of active listening, as it misinterprets the patient's focus on anxiety related to planned work situations. By framing the patient's experience as ""suffering the anxiety advance of these plan meetings,"" the therapist fails to acknowledge the patient's specific context of anxiety tied to work interactions. Additionally, the abrupt shift to unplanned meetings diverts attention from the patient's expressed concerns, indicating a lack of full concentration on the client's words. This response does not demonstrate understanding or validation of the patient's feelings, resulting in a negative alignment with the active listening dimension."
Active Listening,negative,2,-2,"Other day, Yeah, sorry. I didn't mention that.","But we'll get to that in a bit. So you've had some, some boyfriends? Yeah. And they became annoyed","The therapist's response demonstrates a lack of active listening by not fully acknowledging the patient's statement about not mentioning something important. Instead of reflecting on the patient's words, the therapist shifts the focus to a new topic regarding the patient's past relationships. This indicates a failure to concentrate on the client's expressed thoughts and feelings, which is essential for demonstrating understanding. The phrase ""But we'll get to that in a bit"" dismisses the patient's contribution, undermining the therapeutic alliance. Overall, the response violates the principles of active listening, as it does not validate or explore the patient's emotional content, resulting in a negative alignment with the dimension."
Active Listening,negative,3,-2,"Yeah, just so I know how it feels now so that later on when this The situation is more drastic and more out of control. I know what I can do and where am I limit is it you?","Well, kind of along those lines Looking ahead, you know, five years from now, what do you see as a goal for yourself","The therapist's response demonstrates a lack of active listening, as it fails to acknowledge or reflect on the patient's concerns about managing future crises and understanding personal limits. Instead of validating the patient's emotional state or exploring their current feelings, the therapist shifts the focus to a distant future goal, which may feel dismissive. Phrases like ""kind of along those lines"" indicate a vague connection rather than a genuine engagement with the patient's immediate experience. This response does not fulfill the active listening requirement of fully concentrating on and demonstrating understanding of the client's words, resulting in a significant violation of the therapeutic dimension."
Active Listening,negative,4,-2,"Yeah, I get anxious. Yeah, my heart gets feels like it's heavy my chest feels heavy and I just all these thoughts go through my mind like, you know, I know my parents um I can watch my pets but they may not take care of them like I would I don't know it's just I mean that you know they've always will take care of all my no but they'll miss me and they might tear my house up I don't all these thoughts in my mind that seem crazy to me.","So it seems like an endless stream of worries. Yeah. Surrounding family and pets. And what might happen. So really, that's that's it, right? This is what might happen. It's the uncertainty, right? So is anything ever happened?","The therapist's response demonstrates a lack of active listening, as it fails to fully engage with the patient's emotional and cognitive content. While the therapist acknowledges the patient's worries about family and pets, the phrasing ""that's it, right?"" suggests a dismissive attitude towards the complexity of the patient's feelings. Additionally, the question ""is anything ever happened?"" minimizes the patient's expressed anxiety by implying that their concerns may be unfounded. This response does not reflect a deep understanding or validation of the patient's experience, which is essential for active listening. Consequently, the therapist's response is a strong violation of the active listening dimension."
Active Listening,negative,5,-2,"No, no just arguments here and there.",And when you mean arguments how intense are those arguments getting?,"The therapist's response demonstrates a lack of active listening by not fully engaging with the patient's emotional content. The patient expresses frustration with ""arguments,"" indicating a need for validation and exploration of their feelings. Instead, the therapist shifts focus to the intensity of the arguments, which may divert attention from the patient's emotional experience. This response fails to reflect understanding or empathy, as it does not acknowledge the patient's distress. By not validating the patient's feelings or seeking to understand their perspective, the therapist's approach violates the principles of active listening, resulting in a negative alignment with the therapeutic dimension."
Active Listening,negative,6,-2,"Yeah,",yeah?,"The therapist's response, ""yeah?"", demonstrates a lack of active listening as it does not reflect an understanding or engagement with the patient's emotional or cognitive content. The patient’s utterance, ""Yeah,"" suggests a potential need for further exploration or validation, yet the therapist's response is minimal and does not invite elaboration. By merely echoing the patient's word without additional inquiry or reflection, the therapist fails to demonstrate full concentration or understanding. This response violates the principles of active listening, as it does not encourage deeper communication or connection, resulting in a negative alignment with the therapeutic dimension."
Active Listening,negative,7,-2,"mostly finances but I mean kind of time too like to get everybody out the door to go grocery shopping or go clothes shopping. It's a big ordeal. Right? I mean, I know. We didn't pick up everything he wanted her back to school this year either. It would be easier to add a few extra dollars in a few extra hours.",Right. So Sam's not always having the things that he needs right now then.,"The therapist's response demonstrates a lack of active listening, as it fails to fully engage with the patient's concerns about the complexities of managing finances and time for shopping. By summarizing the patient's statement with a focus on Sam's needs, the therapist overlooks the broader emotional context and the patient's feelings of overwhelm. The phrase ""not always having the things that he needs"" simplifies the patient's multifaceted experience, which includes feelings of inadequacy and stress. This response does not reflect an understanding of the patient's situation, violating the principle of active listening, which requires a deeper connection to the client's expressed thoughts and emotions."
Reflecting Feelings,positive,0,2,"Right, right.","But it's a thought that you were consciously applying. So the other thought that's automatic,","The therapist's response does not reflect the patient's emotional experience regarding their struggle with sleep difficulties. Instead of acknowledging or validating the patient's feelings, the therapist shifts focus to cognitive processes by discussing thoughts, which detracts from the emotional aspect. The phrase ""it's a thought that you were consciously applying"" indicates a cognitive interpretation rather than an emotional reflection. This response fails to summarize or validate the patient's emotional struggle, which is essential for strong alignment in reflecting feelings. Therefore, it does not meet the criteria for positive alignment and instead represents a significant deviation from the therapeutic goal of acknowledging the client's emotional experience."
Reflecting Feelings,positive,1,2,Yeah.,"If you think about from when it started, it started out sounds like with a few thoughts. Right? If we say that's relatively low anxiety. Yeah. How would what you have now compared to that?","The therapist's response effectively reflects the patient's emotional experience by acknowledging the progression of their anxiety related to sleep difficulties. By stating, ""it started out sounds like with a few thoughts,"" the therapist validates the patient's initial feelings and invites them to explore their emotional journey. This aligns with the dimension of reflecting feelings, as it summarizes the patient's struggle and encourages deeper reflection on their current state compared to the past. The use of ""relatively low anxiety"" further normalizes the patient's experience, fostering a sense of understanding and connection. Overall, the response demonstrates strong alignment with the therapeutic dimension, warranting a positive rating of +2."
Reflecting Feelings,positive,2,2,"Um,","And what thoughts are going through your mind right then like, so let's take that kind of severe moment. When you're, you're, let's just say still before the presentation, okay? So you're sitting at the desk and your heart rates elevated. And you're not focusing on what they're doing. You're zoned out your anxieties high. What was going through your mind right, then?","The therapist's response does not effectively reflect the patient's feelings regarding their emotional experience. Instead of acknowledging the patient's potential anxiety or distress, the therapist shifts focus to a hypothetical scenario about the patient's thoughts during a presentation. Phrases like ""heart rates elevated"" and ""anxieties high"" imply an understanding of the patient's emotional state but do not directly validate or summarize the patient's feelings. This lack of direct reflection on the patient's emotional experience results in a weak alignment with the therapeutic dimension of reflecting feelings, as it fails to acknowledge the struggle with sleep difficulties and the associated emotions. Thus, the response does not meet the criteria for strong alignment."
Reflecting Feelings,positive,3,2,"Yeah,","well, ","The therapist's response, ""well,"" does not effectively reflect the patient's emotional experience regarding their struggle with sleep difficulties. The patient’s utterance, ""Yeah,"" suggests a potential acknowledgment of their feelings, but the therapist's response lacks any substantive engagement with those feelings. Instead of summarizing or acknowledging the patient's emotional state, the therapist's vague interjection fails to validate or explore the patient's experience. This lack of reflection does not align with the therapeutic dimension of reflecting feelings, which requires a more explicit acknowledgment of the client's emotional struggles. Therefore, the response represents a strong violation of the criteria for reflecting feelings, resulting in a negative evaluation."
Reflecting Feelings,positive,4,2,Yeah.,"And, and you've spoken to this already a little bit, I believe, but I'll ask you again, why an eight and not a one or two ?","The therapist's response does not effectively reflect the patient's feelings regarding their sleep difficulties. Instead of acknowledging or summarizing the patient's emotional experience, the therapist redirects the conversation by asking a question about the patient's rating. This approach fails to validate or explore the emotional content behind the patient's brief utterance, ""Yeah."" The lack of empathetic engagement and emotional reflection results in a weak alignment with the therapeutic dimension of reflecting feelings. Therefore, the response does not meet the criteria for strong alignment, as it does not acknowledge the client's emotional experience or summarize their struggle, leading to a negative impact on the therapeutic process."
Reflecting Feelings,positive,5,2,Yeah.,Have you got any questions?,"The therapist's response, ""Have you got any questions?"" does not reflect the patient's emotional experience regarding their struggle with sleep difficulties. Instead of acknowledging or summarizing the patient's feelings, the therapist shifts the focus to a question about inquiries, which may inadvertently dismiss the emotional content. This lack of reflection fails to validate the patient's experience and does not facilitate deeper exploration of their feelings. Consequently, the response represents a strong violation of the therapeutic dimension of reflecting feelings, as it does not engage with or acknowledge the patient's emotional state, resulting in a negative alignment (-2)."
Reflecting Feelings,positive,6,2,"Um, well, I am going to have to go to courtsoon. And I know that I'm probably gonna have to go I'd like treatment or something like that, but I really just don't want to. So I just, I'm just coming here becauseI don't know maybe I can like get out of it if I'm gettingsome type of treatment. But yeah,",get out of it. You mean get out of the charge?,"The therapist's response, ""get out of it. You mean get out of the charge?"" does not effectively reflect the patient's feelings regarding their anxiety about court and treatment. Instead of acknowledging the emotional struggle expressed by the patient, the therapist focuses on the legal aspect, which diverts attention from the patient's underlying feelings of reluctance and fear. This response lacks empathy and fails to summarize or validate the patient's emotional experience, which is crucial for reflecting feelings. Consequently, it does not align with the therapeutic dimension of reflecting feelings, resulting in a strong violation (-2)."
Reflecting Feelings,positive,7,2,"Yeah. Yeah. So I don't know how to do this. I mean, I don't know what to do next. Not very good at it.","I just want to say we can go over some things that are potential to talk about to really focus on that might help you. But I just want to let you know that this is, I really appreciate how hard this is to be able to talk about it. And it's it's not an easy situation, and you're definitely not alone. And I really appreciate your willingness to talk about it.","The therapist's response effectively acknowledges the patient's emotional struggle with uncertainty and difficulty in managing their situation. By stating, ""I really appreciate how hard this is to be able to talk about it,"" the therapist validates the patient's feelings of frustration and vulnerability. The phrase ""you're definitely not alone"" further reinforces a sense of shared experience, which can alleviate feelings of isolation. This response aligns strongly with the dimension of reflecting feelings, as it summarizes the patient's emotional experience and emphasizes the challenge they face. Overall, the therapist's empathetic acknowledgment enhances the therapeutic alliance and encourages the patient to explore their feelings further, warranting a positive evaluation of +2."
Reflecting Feelings,negative,0,-2,I don't see it as a problem.,Yeah?,"The therapist's response, ""Yeah?"", fails to acknowledge the patient's emotional experience regarding their sleep difficulties. The patient expresses a lack of concern by stating, ""I don't see it as a problem,"" indicating a potential emotional state of indifference or denial. However, the therapist's minimalistic reply does not reflect or validate these feelings, nor does it summarize the patient's struggle. Instead, it leaves the patient’s emotional content unaddressed, which is crucial for fostering understanding and connection. This lack of engagement with the patient's feelings constitutes a strong violation of the therapeutic dimension of reflecting feelings, resulting in a negative polarity rating of -2."
Reflecting Feelings,negative,1,-2,Yeah,"So this is upsetting for a lot of reasons. So you have The financial stressors, right? I can't be minimized. The relational stressors mentioned, it's kind of embarrassing. Yeah, that's more like an identity thing I see identify with what you did right now. You don't as much, because you're not actively working in it. Yeah. Did you ever have any co workers who voluntarily left for other jobs?","The therapist's response fails to adequately reflect the patient's feelings regarding their struggles, instead focusing on external factors like financial and relational stressors. While the therapist acknowledges the patient's situation, the response lacks a direct connection to the patient's emotional experience, which is crucial for reflecting feelings. Phrases like ""it's kind of embarrassing"" and ""you don't as much"" divert attention from the patient's emotional state and do not validate their feelings. This misalignment with the dimension of reflecting feelings results in a strong violation, as the therapist does not summarize or acknowledge the patient's emotional struggle with sleep difficulties, leading to a negative impact on the therapeutic process."
Reflecting Feelings,negative,2,-2,"I would be thinking, I don't know how this will ever be better. I don't know how I'm ever gonna feel okay about what I did.","To my extension, I'll never feel okay about what I did. Yeah. And what do you think you would do then in terms of your reaction to that thought?","The therapist's response fails to adequately reflect the patient's feelings of hopelessness and regret regarding their past actions. By stating, ""To my extension, I'll never feel okay about what I did,"" the therapist mirrors the patient's sentiment but does so in a way that shifts focus away from the patient's emotional experience. This response lacks an acknowledgment of the patient's struggle with their feelings, which is essential for validating their emotional state. Instead of summarizing or empathizing with the patient's distress, the therapist introduces a personal perspective that detracts from the therapeutic function of reflecting feelings. Consequently, this response represents a strong violation of the dimension, warranting a negative rating."
Reflecting Feelings,negative,3,-2,Okay.,okay. So I was just wondering if I could talk to you about maybe doing my wedding,"The therapist's response fails to acknowledge the patient's emotional experience, as it shifts focus away from the client's struggles with sleep difficulties. The use of ""okay"" does not reflect or validate any feelings the patient may have expressed, and the subsequent mention of discussing the therapist's wedding is entirely unrelated to the patient's concerns. This lack of engagement with the client's emotional state constitutes a strong violation of the therapeutic dimension of reflecting feelings. By not summarizing or addressing the patient's struggles, the therapist undermines the therapeutic process, resulting in a negative (-2) alignment with the dimension's definition."
Reflecting Feelings,negative,4,-2,"Yeah, I mean, they're my dad works a lot. My mom's usually she works to a single part time job. So she's usually like home at night.","And night one of the times and you have gone over to your friend's house, ","The therapist's response fails to reflect the patient's emotional experience regarding their family dynamics and the implications for their sleep difficulties. Instead of acknowledging the potential feelings of loneliness or concern that may arise from the parents' work schedules, the therapist shifts focus to a specific event (""night one of the times and you have gone over to your friend's house"") without validating the patient's emotional state. This lack of acknowledgment does not summarize or engage with the patient's struggle, resulting in a strong violation of the therapeutic dimension of reflecting feelings. The response does not connect to the patient's expressed concerns, leading to a negative (-2) evaluation."
Reflecting Feelings,negative,5,-2,"No. I mean, I've talked to people before about being depressed. But I was never hospitalized for it.",But you believe you were depressed?,"The therapist's response fails to reflect the patient's feelings adequately. The patient expresses a nuanced experience of depression, indicating a history of discussing it but not being hospitalized. Instead of acknowledging the emotional weight of the patient's statement, the therapist merely asks a confirmatory question, ""But you believe you were depressed?"" This response does not summarize or validate the patient's struggle with depression, missing an opportunity to connect with the emotional experience conveyed. By not reflecting the patient's feelings, the therapist's response demonstrates a strong violation of the therapeutic dimension of reflecting feelings, resulting in a negative polarity rating."
Reflecting Feelings,negative,6,-2,"who Oh, no, not confident at all. I mean, I've tried to quit so many times, and I just can't do it.","So you've been persistent and trying and haven't been successful yet. Still, you you set a two and not a one. I'm curious about that.","The therapist's response fails to adequately reflect the patient's feelings of frustration and lack of confidence regarding their attempts to quit. While the therapist acknowledges the patient's persistence, the focus on the numerical rating distracts from the emotional struggle expressed. The phrase ""I'm curious about that"" shifts attention away from the patient's feelings of defeat and inadequacy, which are central to their experience. This lack of emotional validation and the failure to summarize the patient's struggle with sleep difficulties represent a strong violation of the therapeutic dimension of reflecting feelings, resulting in a negative polarity rating of -2."
Reflecting Feelings,negative,7,-2,"Yeah, I, I do see that. Maybe me drinking not as much would possibly better my life to to a certain degree and I It does make a lot of sense. And I, I guess I can put more effort into sort of lowering the level of drinking.",I think youreally need to quit.,"The therapist's response, ""I think you really need to quit,"" fails to reflect the patient's emotional experience regarding their drinking and its impact on their life. Instead of acknowledging the patient's recognition of the need to reduce alcohol consumption, the therapist imposes a directive without validating the patient's struggle or feelings. This lack of empathy and understanding violates the therapeutic dimension of reflecting feelings, as it does not summarize or acknowledge the patient's internal conflict about drinking. Consequently, the response demonstrates a strong violation (-2) of the dimension, as it disregards the patient's emotional journey and does not facilitate deeper exploration of their feelings."
Situational Appropriateness,positive,0,2,"It's okay. Okay, I really have to adjust. Like I say, if I had my druthers, I'd go back but I guess I have to learn to adjust to this right. Okay.",So I think I sort of have all the information I need to make sure that your wishes are respected. Just one last time. Anything else you want to talk about today?,"The therapist's response effectively addresses the patient's expressed need for adjustment and respect for their wishes. By stating, ""I think I sort of have all the information I need to make sure that your wishes are respected,"" the therapist acknowledges the patient's struggle with change and reinforces their autonomy. This aligns with the patient's sentiment of needing to adapt, demonstrating situational appropriateness by validating their feelings and concerns. The follow-up question, ""Anything else you want to talk about today?"" invites further exploration, ensuring the patient feels heard and supported. Overall, the therapist's response is positively aligned with the therapeutic dimension, as it appropriately addresses a common clinical concern raised by the client."
Situational Appropriateness,positive,1,2,Yeah.,Can you tell me about what's been going on?,"The therapist's response, ""Can you tell me about what's been going on?"" effectively addresses the patient's implied need for exploration and understanding of their situation. By inviting the patient to elaborate, the therapist demonstrates situational appropriateness by acknowledging the patient's silence and encouraging further dialogue. This response aligns with the common clinical concern of wanting to discuss personal experiences or feelings, facilitating a deeper exploration of the patient's thoughts and emotions. The therapist's choice of words fosters a safe space for the patient to share, thus meeting the criteria for strong alignment in addressing the client's needs."
Situational Appropriateness,positive,2,2,"Yeah, I was pretty nervous then. But when I got into it, they went away and like, it just talked to me for a bit. And so obviously, I realized that I wasn't doing a very good job.","Okay, and when you When you have these emotions, how does it affect your energy levels? Do you feel more energetic, less energetic or about the same?","The therapist's response effectively addresses the patient's emotional experience of nervousness and subsequent realization of performance issues. By asking about the impact of these emotions on energy levels, the therapist encourages the patient to explore the connection between their feelings and physical state, which is a common clinical concern. This inquiry not only validates the patient's experience but also facilitates deeper self-reflection. The phrasing ""how does it affect your energy levels?"" directly relates to the patient's expressed emotions, demonstrating situational appropriateness. Thus, the response aligns strongly with the therapeutic dimension, warranting a positive rating of +2."
Situational Appropriateness,positive,3,2,Thank you.,How are you?,"The therapist's response, ""How are you?"" does not directly address the patient's expression of gratitude, which is a common clinical concern related to emotional acknowledgment and validation. Instead, it shifts the focus away from the patient's feelings, potentially missing an opportunity to explore the patient's emotional state or reinforce positive feelings. This lack of direct engagement with the patient's expressed sentiment indicates a violation of situational appropriateness, as the therapist fails to acknowledge the significance of the patient's gratitude. Therefore, the response does not align with the therapeutic dimension of addressing common clinical concerns, resulting in a negative evaluation."
Situational Appropriateness,positive,4,2,Yeah.,Okay.,"The therapist's response of ""Okay"" to the patient's ""Yeah"" demonstrates situational appropriateness by acknowledging the patient's input without dismissing or minimizing it. This brief affirmation serves to validate the patient's expression, fostering a sense of understanding and connection. By using a simple, non-intrusive acknowledgment, the therapist effectively addresses the common clinical concern of feeling heard and understood, which is crucial in building rapport. The response aligns with the dimension definition as it appropriately engages with the patient's emotional state, reinforcing the therapeutic alliance and encouraging further dialogue. Thus, the response is rated positively for its alignment with the therapeutic context."
Situational Appropriateness,positive,5,2,"does she think she's better than me? Just because well She went to college. Well, good for you.","All right, so it sounds like a positive relationship. Kind of admire your older sister. Is that right?","The therapist's response demonstrates strong situational appropriateness by acknowledging the client's feelings of resentment and admiration towards their sister. By stating, ""it sounds like a positive relationship"" and ""kind of admire your older sister,"" the therapist validates the client's emotional conflict while reframing the situation in a more constructive light. This approach addresses the common clinical concern of sibling rivalry and feelings of inferiority, aligning with the client's expressed thoughts. The therapist's choice of words encourages reflection on the positive aspects of the relationship, fostering a deeper understanding of the client's emotions. Thus, the response effectively meets the criteria for strong alignment (+2) within the therapeutic dimension of situational appropriateness."
Situational Appropriateness,positive,6,2,"I wasn't sure at all. Why. But with that, I definitely could see the reasons why.","All right, great move. I feel like we've made some progress here. And I'd like you to between now and next session, if you're comfortable with it, kind of reflect on what themes have maybe come to the surface, what informations may have been revealed to you a little bit. And we can pick up there and explore this further with the anger issue. So that's like a good plan.","The therapist's response effectively addresses the client's uncertainty and emerging insights by acknowledging progress and encouraging further reflection. Phrases like ""great move"" and ""we've made some progress here"" validate the client's experience, fostering a supportive environment. The suggestion to reflect on themes and explore the ""anger issue"" directly relates to the client's cognitive content, promoting deeper understanding. This approach aligns with the common clinical concern of processing emotions and themes, demonstrating situational appropriateness. By guiding the client to consider their insights before the next session, the therapist enhances the therapeutic process, reinforcing the positive alignment with the dimension of situational appropriateness."
Situational Appropriateness,positive,7,2,"I don't think I'm drinking that much. I mean, it's, it's mainly for social gatherings. Like it's nothing that I do, like by myself or whatever. It's just the","it's like, every weekend ?","The therapist's response, ""it's like, every weekend?"" effectively addresses the client's concern about their drinking habits by prompting reflection on the frequency of their alcohol consumption. This inquiry aligns with the client's mention of drinking primarily in social contexts, suggesting an exploration of the potential implications of this behavior. By focusing on the frequency, the therapist encourages the client to consider whether their drinking might be more significant than they perceive. This response is appropriate as it directly engages with the client's cognitive content regarding their drinking patterns, fulfilling the criteria for situational appropriateness and demonstrating a strong alignment with the therapeutic dimension."
Situational Appropriateness,negative,0,-2,I mean it was just the like a social gathering it wasn't like I was looking for it the drinks were there and I all my friends were doing it and it was just it's it's not something that I like do okay on occasion but whenever the opportunity presents itself it it's nice to just let loose and have a little bit of fun sometimes,"I Tommy there's so many consequences with drinking you know you're not even 21 yet you could get arrested you could you know have a drunk driving accident you could you know, mess up your schoolwork you have such a bright future ahead of you. It just really really concerns me.","The therapist's response fails to appropriately address the client's expressed experience of social drinking and the context in which it occurs. Instead of exploring the client's feelings or motivations, the therapist focuses on potential negative consequences, such as legal issues and academic performance. This approach disregards the client's perspective of occasional drinking as a means to ""let loose and have a little bit of fun."" By emphasizing fear-based consequences rather than validating the client's social context, the therapist misses an opportunity to engage with a common clinical concern about social behavior and peer influence. Thus, the response is rated negatively for situational appropriateness."
Situational Appropriateness,negative,1,-2,"I would be thinking, I don't know how this will ever be better. I don't know how I'm ever gonna feel okay about what I did.","To my extension, I'll never feel okay about what I did. Yeah. And what do you think you would do then in terms of your reaction to that thought?","The therapist's response demonstrates a lack of situational appropriateness by mirroring the patient's negative sentiment without offering any constructive guidance or support. By stating, ""To my extension, I'll never feel okay about what I did,"" the therapist reinforces the patient's hopelessness rather than addressing the concern of feeling better about their actions. This response fails to validate the patient's struggle while also neglecting to explore potential coping strategies or solutions. The therapist's inquiry about the patient's reaction to their thought does not effectively redirect the conversation towards healing or resolution, resulting in a strong violation of the therapeutic dimension of situational appropriateness."
Situational Appropriateness,negative,2,-2,"All sorts. I mean, I, I've worried that, you know, like, my husband and I are arguing because we're under all this stress. I worry, we're gonna lose our house. You know, I'm worried I'm going to be homeless. You know, it's embarrassing. I don't have a job now. What if I don't find another job? You know, what are my kids gonna do? My kids are, you know, relying on us to meet their needs. Yeah, yeah. So I mean, we could be homeless. I might not ever get a job again, you know, I'm not getting any younger. So I just am afraid that I won't get another job.","Now, you said you were laid off, right? ","The therapist's response, ""Now, you said you were laid off, right?"" fails to appropriately address the client's significant concerns about stress, fear of homelessness, and job insecurity. Instead of validating or exploring the emotional weight of the client's worries, the therapist merely seeks clarification on a detail, which does not engage with the client's expressed anxiety or the broader implications of their situation. This lack of responsiveness to the emotional content and urgency of the client's concerns demonstrates a strong violation of situational appropriateness, as it neglects to address the common clinical issues raised by the client."
Situational Appropriateness,negative,3,-2,"Ah, that's not even between me and my bosses. I'm a good worker at my job. I get everything done on time, but they're calling me inflexible and perfectionist.",So who's who's calling you inflexible or perfectionist?,"The therapist's response fails to appropriately address the client's concern about being labeled as inflexible and a perfectionist. By asking, ""So who's calling you inflexible or perfectionist?"" the therapist shifts focus away from the client's feelings of frustration and confusion regarding these labels. This response does not validate the client's experience or provide support for their emotional state, which is crucial in addressing the common clinical concern of feeling misunderstood at work. Instead, it introduces an unnecessary inquiry that may lead the client to feel dismissed. Thus, the response demonstrates a strong violation of situational appropriateness, warranting a negative rating."
Situational Appropriateness,negative,4,-2,"Some days are definitely better than others. She like, I guess you could say I kind of tried to check her behavior when she was getting a little bit",And Has it ever come to physical blows between the two of you?,"The therapist's response fails to appropriately address the patient's expressed concern about fluctuating emotional experiences and attempts to manage behavior. By shifting the focus to the possibility of physical violence, the therapist diverts from the patient's emotional state and the nuances of their relationship dynamics. This response lacks sensitivity to the patient's context and does not validate their feelings or experiences. Instead of exploring the patient's concerns, it introduces a potentially alarming topic that may not be relevant, thus violating the principle of situational appropriateness. Overall, the therapist's response demonstrates a significant disconnect from the patient's needs, warranting a negative evaluation."
Situational Appropriateness,negative,5,-2,"yeah, because I mean, if I go grocery shopping or if I go clothes shopping or for any kind of money transactional thing, you know, which I would encounter daily pretty much it happens",I would like fill up your car gasoline.,"The therapist's response fails to address the patient's expressed concern about daily money transactions, which suggests anxiety or discomfort related to these situations. By stating, ""I would like fill up your car gasoline,"" the therapist introduces an unrelated activity that does not connect to the patient's context of shopping and financial transactions. This response lacks relevance and does not validate or explore the patient's feelings, leading to a significant violation of situational appropriateness. The therapist's choice of words diverts from the patient's topic, demonstrating a lack of understanding of the patient's experience and failing to provide the necessary support for their clinical concern."
Situational Appropriateness,negative,6,-2,No. Quite the opposite. It is completely opposite.,How are your family relationships?,"The therapist's response fails to address the patient's expressed sentiment of feeling ""completely opposite,"" which suggests a significant emotional or cognitive dissonance. By shifting the focus to ""family relationships,"" the therapist neglects the immediate concern raised by the patient, indicating a lack of situational appropriateness. This response does not validate or explore the patient's feelings, which is crucial for effective therapeutic engagement. Instead, it diverts attention away from the patient's current emotional state, leading to a strong violation of the therapeutic dimension. Thus, the therapist's response is rated negatively as it does not appropriately address the common clinical concern presented by the client."
Situational Appropriateness,negative,7,-2,Let's just talk about my treatment right now. Okay? I haven't really thought about it actually. I thought about canceling this appointment because I knew you're going to bring it up again.,Talking about smoking with me as hard for you.,"The therapist's response fails to appropriately address the patient's expressed concern about discussing treatment, particularly their ambivalence about smoking. By stating, ""Talking about smoking with me is hard for you,"" the therapist shifts focus away from the patient's immediate request to discuss treatment and instead highlights a specific issue that the patient is not currently prepared to engage with. This misalignment demonstrates a lack of situational appropriateness, as it does not validate or explore the patient's feelings about their treatment or the potential cancellation of the appointment. Consequently, the response is rated negatively, as it does not meet the criteria of addressing a common clinical concern raised by the client."
